{"mean": [55.322841639119325, 55.32917066882887, 55.341021642861605, 55.342729786482046, 55.34056861889021, 55.32708205991809, 55.33499427817031, 55.32571767765338, 55.31839674953124, 6.334527643010175, 7.3692157039779485, 8.612809295699991, 63.49413709224724, 66.32633505894094, 69.38164889082934, 46.43589097486435, 42.330287739869846, 36.61450279631594, 3.010332855152914, 6.2610865090750325, 15.779912264288239, 2.417098068566914, 0.28697062308987714, 0.02823356724559995, -0.04365697263920933, -0.0009554080608680311, -0.0013242931405163083, 0.32699224516102204, 0.6730077548389779, 0.31252208985633795, 13.748942805463729, 7.755219443231668, 21.17858791243061, 2.022786336514273, 0.02833738747167301, 0.0, 8.996902222499427, 0.0, 1016.1762365121937, 0.0, 1.7455040645335662, 5.294725462067818, 1.9993970768623048, 0.9361733092164078, 22.99114326701179], "std": [29.479598351806995, 29.480024769620364, 29.481233867958668, 29.481281825983398, 29.483202117704543, 29.478444662405224, 28.464138061148713, 28.104781866230226, 27.644635845710077, 5.360514715788276, 5.5839508627303704, 5.876919225465171, 28.87439438131925, 28.448579582145612, 27.85550486481919, 28.66337808438911, 28.2028943659477, 27.285586028424206, 1.9990323059188038, 3.384558093704035, 8.805656010284881, 1.0912558272052324, 0.45234774739494915, 0.7100176092422028, 0.7022620087877132, 0.7079470229941968, 0.7062636519578007, 0.46911439624634854, 0.46911439624634854, 0.4635213406178458, 11.907475125349688, 12.156904070507805, 11.731752506570528, 9.65451529648152, 0.5138141615775141, 1.0, 4.021296967217675, 1.0, 10.84256751244977, 1.0, 0.6664854831959272, 3.929565457491082, 1.4588400735798701, 0.24444394925464596, 13.560153275546407], "features": ["lag_1", "lag_2", "lag_3", "lag_7", "lag_14", "lag_21", "rolling_mean_7", "rolling_mean_14", "rolling_mean_30", "rolling_std_7", "rolling_std_14", "rolling_std_30", "rolling_max_7", "rolling_max_14", "rolling_max_30", "rolling_min_7", "rolling_min_14", "rolling_min_30", "day_of_week", "month", "day_of_month", "quarter", "is_weekend", "month_sin", "month_cos", "dow_sin", "dow_cos", "is_public_holiday", "is_workday", "is_school_vacation", "tavg", "tmin", "tmax", "prcp", "snow", "wdir", "wspd", "wpgt", "pres", "tsun", "brand_tier_enc", "hotel_district_enc", "district_functional_tier_enc", "is_chain", "hotel_id_enc"]}